Wavelength (nm);Optical Density;% Transmission
200;6.155894;6.98403E-05
201;6.205938;6.22389E-05
202;6.176374;6.66233E-05
203;6.18324;6.55783E-05
204;6.080337;8.31119E-05
205;6.031559;9.2991E-05
206;6.02625;9.41348E-05
207;6.031233;9.30608E-05
208;6.041271;9.09346E-05
209;6.025449;9.43085E-05
210;6.046135;8.99218E-05
211;6.030386;9.32425E-05
212;5.972794;0.000106465
213;6.029876;9.33521E-05
214;6.029458;9.3442E-05
215;6.034207;9.24258E-05
216;6.013785;9.68757E-05
217;6.033703;9.25331E-05
218;6.071331;8.48534E-05
219;5.975417;0.000105824
220;5.993754;0.000101449
221;5.975345;0.000105841
222;6.013265;9.69918E-05
223;6.100552;7.93319E-05
224;6.013637;9.69088E-05
225;5.999421;0.000100133
226;6.004533;9.89617E-05
227;5.995179;0.000101116
228;6.009905;9.77451E-05
229;6.025177;9.43676E-05
230;6.015615;9.64684E-05
231;6.091065;8.1084E-05
232;6.168126;6.79007E-05
233;6.074262;8.42826E-05
234;6.011414;9.74061E-05
235;5.987878;0.000102831
236;5.997256;0.000100634
237;6.026753;9.40258E-05
238;6.092137;8.08841E-05
239;6.069228;8.52652E-05
240;5.983622;0.000103843
241;5.983647;0.000103837
242;5.94031;0.000114733
243;5.948616;0.00011256
244;6.086253;8.19874E-05
245;6.155218;6.99491E-05
246;6.080866;8.30107E-05
247;5.993313;0.000101552
248;5.997935;0.000100477
249;6.037585;9.17096E-05
250;6.027596;9.38435E-05
251;5.989271;0.000102501
252;5.94573;0.00011331
253;5.976111;0.000105655
254;5.9673;0.00010782
255;5.976303;0.000105608
256;6.076731;8.38048E-05
257;6.039107;9.13888E-05
258;5.999687;0.000100072
259;6.00916;9.79129E-05
260;5.946315;0.000113158
261;5.980985;0.000104476
262;6.008994;9.79504E-05
263;5.963202;0.000108842
264;5.958664;0.000109986
265;5.967212;0.000107842
266;5.949872;0.000112235
267;5.937316;0.000115527
268;5.945499;0.000113371
269;6.038061;9.16092E-05
270;6.032734;9.27398E-05
271;5.932688;0.000116765
272;5.989025;0.000102559
273;6.003105;9.92876E-05
274;5.924695;0.000118934
275;5.979797;0.000104762
276;5.998348;0.000100381
277;5.971161;0.000106866
278;5.98033;0.000104633
279;5.93321;0.000116625
280;5.933416;0.000116569
281;5.967375;0.000107802
282;5.980782;0.000104524
283;5.999255;0.000100172
284;5.994808;0.000101203
285;6.039357;9.13362E-05
286;5.986019;0.000103272
287;5.926518;0.000118436
288;5.977418;0.000105337
289;5.986572;0.00010314
290;5.951679;0.000111769
291;5.960442;0.000109536
292;5.97381;0.000106216
293;5.996725;0.000100757
294;5.960856;0.000109432
295;5.978605;0.00010505
296;6.006444;9.85272E-05
297;5.970013;0.000107149
298;6.002238;9.9486E-05
299;5.983744;0.000103814
300;5.957796;0.000110206
301;5.998398;0.00010037
302;6.027439;9.38774E-05
303;5.949983;0.000112206
304;5.902736;0.000125102
305;5.926032;0.000118568
306;5.976323;0.000105603
307;5.990186;0.000102285
308;5.959487;0.000109777
309;5.934964;0.000116154
310;5.964114;0.000108614
311;6.009592;9.78156E-05
312;5.973233;0.000106357
313;5.939685;0.000114899
314;5.944113;0.000113733
315;5.890186;0.00012877
316;5.87276;0.000134042
317;5.909015;0.000123306
318;5.901892;0.000125345
319;5.972047;0.000106648
320;6.004456;9.89792E-05
321;6.080764;8.30302E-05
322;6.048749;8.93822E-05
323;5.995482;0.000101046
324;6.033994;9.24711E-05
325;5.956482;0.00011054
326;5.920477;0.000120094
327;6.000728;9.98325E-05
328;5.932626;0.000116781
329;5.936738;0.000115681
330;6.010338;9.76477E-05
331;6.034795;9.23007E-05
332;5.992309;0.000101787
333;6.015631;9.64648E-05
334;5.937509;0.000115476
335;6.011183;9.74579E-05
336;6.040566;9.10823E-05
337;6.03564;9.21213E-05
338;5.997805;0.000100507
339;6.036249;9.19922E-05
340;6.031607;9.29807E-05
341;6.041681;9.08488E-05
342;6.003058;9.92983E-05
343;5.98093;0.000104489
344;6.008212;9.81269E-05
345;5.999155;0.000100195
346;5.999302;0.000100161
347;5.999471;0.000100122
348;6.114095;7.68962E-05
349;6.037977;9.16269E-05
350;6.033101;9.26614E-05
351;6.004704;9.89227E-05
352;5.97805;0.000105184
353;6.009695;9.77924E-05
354;5.987203;0.00010299
355;5.91779;0.00012084
356;5.91024;0.000122959
357;6.024501;9.45146E-05
358;5.970234;0.000107094
359;5.96212;0.000109114
360;5.94987;0.000112235
361;5.954137;0.000111138
362;5.930283;0.000117413
363;5.930352;0.000117395
364;5.915309;0.000121532
365;5.919504;0.000120364
366;5.883262;0.000130839
367;5.911856;0.000122502
368;5.967781;0.000107701
369;5.972345;0.000106575
370;5.931905;0.000116976
371;5.901974;0.000125322
372;5.835191;0.000146153
373;5.877687;0.00013253
374;5.898821;0.000126235
375;5.867624;0.000135636
376;5.88135;0.000131417
377;5.845313;0.000142786
378;5.814725;0.000153206
379;5.953736;0.000111241
380;6.000925;9.97872E-05
381;5.970362;0.000107063
382;5.978938;0.000104969
383;5.974752;0.000105986
384;5.942198;0.000114236
385;6.04432;9.02984E-05
386;6.029779;9.33729E-05
387;5.967367;0.000107804
388;5.908936;0.000123329
389;6.011433;9.74018E-05
390;5.901932;0.000125334
391;6.011644;9.73545E-05
392;5.8847;0.000130407
393;6.031002;9.31104E-05
394;5.989938;0.000102344
395;6.041258;9.09373E-05
396;5.994815;0.000101201
397;5.999281;0.000100166
398;5.982169;0.000104191
399;6.037346;9.17601E-05
400;5.991104;0.00010207
401;6.009267;9.78888E-05
402;6.123643;7.52241E-05
403;5.957791;0.000110207
404;5.926784;0.000118363
405;6.038295;9.15598E-05
406;5.950597;0.000112048
407;6.033769;9.2519E-05
408;5.979579;0.000104814
409;5.839154;0.000144826
410;6.039247;9.13593E-05
411;6.034483;9.2367E-05
412;6.034651;9.23313E-05
413;6.002523;9.94207E-05
414;5.951893;0.000111714
415;5.989446;0.00010246
416;5.968602;0.000107497
417;5.956598;0.00011051
418;5.81095;0.000154543
419;5.831999;0.000147232
420;5.850625;0.000141051
421;5.937661;0.000115435
422;6.051454;8.88272E-05
423;6.008811;9.79916E-05
424;5.949856;0.000112239
425;6.057014;8.76973E-05
426;6.067411;8.56227E-05
427;5.916282;0.00012126
428;5.931445;0.000117099
429;5.923823;0.000119173
430;6.141201;7.22435E-05
431;5.862118;0.000137367
432;5.88879;0.000129184
433;6.04858;8.9417E-05
434;5.742556;0.000180902
435;5.773048;0.000168637
436;5.889571;0.000128952
437;5.925275;0.000118775
438;5.922019;0.000119669
439;5.972823;0.000106458
440;5.960927;0.000109414
441;5.956761;0.000110469
442;5.854561;0.000139778
443;5.836298;0.000145781
444;5.934189;0.000116362
445;5.894676;0.000127445
446;5.930759;0.000117285
447;5.974273;0.000106103
448;5.986836;0.000103078
449;5.875186;0.000133295
450;5.800144;0.000158437
451;5.811573;0.000154322
452;5.935579;0.00011599
453;5.935608;0.000115982
454;6.062083;8.66796E-05
455;6.00993;9.77395E-05
456;5.907019;0.000123874
457;5.821049;0.000150991
458;5.795808;0.000160027
459;5.964073;0.000108624
460;5.976375;0.000105591
461;5.98074;0.000104535
462;5.968655;0.000107484
463;6.024903;9.44272E-05
464;6.043944;9.03766E-05
465;6.034452;9.23736E-05
466;6.034661;9.23292E-05
467;6.039541;9.12975E-05
468;5.965389;0.000108296
469;6.049512;8.92253E-05
470;5.986249;0.000103217
471;5.990577;0.000102193
472;5.986419;0.000103177
473;5.958058;0.000110139
474;6.059895;8.71174E-05
475;6.055274;8.80493E-05
476;6.021852;9.50929E-05
477;5.970511;0.000107026
478;5.966537;0.00010801
479;6.041104;9.09695E-05
480;6.000198;9.99544E-05
481;5.991574;0.000101959
482;5.987603;0.000102896
483;5.996095;0.000100903
484;6.149375;7.08965E-05
485;6.051589;8.87996E-05
486;6.023208;9.47964E-05
487;6.032601;9.27682E-05
488;5.972005;0.000106658
489;6.010229;9.76722E-05
490;6.001486;9.96584E-05
491;6.042506;9.06763E-05
492;5.997346;0.000100613
493;5.980619;0.000104564
494;5.980614;0.000104565
495;6.010729;9.75598E-05
496;5.980852;0.000104508
497;5.985013;0.000103511
498;5.980983;0.000104476
499;6.024652;9.44818E-05
500;6.099389;7.95447E-05
501;5.989591;0.000102426
502;6.006808;9.84446E-05
503;6.038932;9.14256E-05
504;6.043745;9.0418E-05
505;6.016032;9.63758E-05
506;6.034266;9.24132E-05
507;6.02066;9.53542E-05
508;6.029915;9.33437E-05
509;5.985838;0.000103315
510;6.07352;8.44267E-05
511;6.016366;9.63017E-05
512;6.039548;9.12961E-05
513;6.012162;9.72384E-05
514;5.990442;0.000102225
515;5.986437;0.000103172
516;5.970064;0.000107136
517;5.986495;0.000103158
518;5.97821;0.000105145
519;5.97826;0.000105133
520;5.970348;0.000107066
521;5.958505;0.000110026
522;5.958451;0.00011004
523;5.928446;0.000117911
524;5.950936;0.00011196
525;5.962677;0.000108974
526;5.94725;0.000112915
527;5.914277;0.000121821
528;5.907404;0.000123764
529;5.951478;0.000111821
530;6.05527;8.80501E-05
531;5.987678;0.000102878
532;6.026879;9.39985E-05
533;6.013481;9.69436E-05
534;6.036429;9.19541E-05
535;6.004956;9.88653E-05
536;6.031878;9.29227E-05
537;6.022798;9.4886E-05
538;5.988111;0.000102775
539;6.009601;9.78135E-05
540;6.023116;9.48165E-05
541;6.036901;9.18542E-05
542;6.009754;9.77791E-05
543;5.971997;0.00010666
544;5.929937;0.000117507
545;5.937403;0.000115504
546;5.948764;0.000112522
547;5.937569;0.00011546
548;5.944934;0.000113518
549;5.941304;0.000114471
550;5.912699;0.000122265
551;5.937885;0.000115376
552;5.91972;0.000120304
553;5.930635;0.000117318
554;5.919875;0.000120261
555;5.899102;0.000126153
556;5.895992;0.00012706
557;5.927493;0.00011817
558;5.916691;0.000121146
559;5.923987;0.000119128
560;5.866954;0.000135846
561;5.860694;0.000137818
562;5.973502;0.000106291
563;6.07744;8.36681E-05
564;6.043126;9.0547E-05
565;6.048036;8.95291E-05
566;5.99861;0.000100321
567;6.020388;9.5414E-05
568;6.007204;9.83549E-05
569;6.016136;9.63527E-05
570;6.025183;9.43663E-05
571;6.07812;8.35372E-05
572;6.039077;9.13951E-05
573;6.043812;9.04041E-05
574;6.025346;9.43309E-05
575;6.012112;9.72496E-05
576;6.02558;9.42801E-05
577;6.058505;8.73967E-05
578;6.044076;9.03491E-05
579;6.044146;9.03346E-05
580;6.068606;8.53874E-05
581;5.982906;0.000104015
582;5.987057;0.000103025
583;5.966783;0.000107949
584;6.030579;9.32011E-05
585;6.017247;9.61066E-05
586;5.975117;0.000105897
587;6.026353;9.41124E-05
588;6.040027;9.11954E-05
589;6.040269;9.11446E-05
590;6.074376;8.42605E-05
591;6.094993;8.03539E-05
592;6.026622;9.40542E-05
593;5.979645;0.000104798
594;6.000529;9.98783E-05
595;6.01352;9.69349E-05
596;6.059777;8.71411E-05
597;6.050169;8.90904E-05
598;6.004924;9.88726E-05
599;5.971892;0.000106686
600;6.013786;9.68755E-05
601;6.013821;9.68677E-05
602;6.055333;8.80374E-05
603;6.164504;6.84693E-05
604;6.101073;7.92368E-05
605;5.988318;0.000102726
606;5.984289;0.000103684
607;6.023029;9.48355E-05
608;6.001256;9.97112E-05
609;5.949143;0.000112423
610;5.937994;0.000115347
611;5.941729;0.000114359
612;5.972478;0.000106542
613;5.89938;0.000126072
614;5.879716;0.000131912
615;5.93819;0.000115295
616;5.867095;0.000135802
617;5.842826;0.000143606
618;5.837059;0.000145526
619;5.82841;0.000148453
620;5.840031;0.000144534
621;5.792765;0.000161152
622;5.378758;0.000418063
623;4.54481;0.002852266
624;3.893538;0.012777974
625;3.052458;0.088622092
626;1.977555;1.053040319
627;1.137862;7.280110982
628;0.499083;31.6896177
629;0.172043;67.29100274
630;0.041151;90.95969596
631;0.011036;97.49088212
632;0.008269;98.11400412
633;0.007569;98.27227272
634;0.008356;98.09435141
635;0.009405;97.85769908
636;0.00973;97.78449563
637;0.024749;94.46066529
638;0.114431;76.8367523
639;0.368758;42.78012015
640;1.882734;7.251752945
641;2.878467;0.670403079
642;3.773644;0.101661146
643;4.729865;0.020767681
644;5.378898;0.004589348
645;5.664376;0.000733245
646;5.807349;0.000207405
647;5.865522;0.000136294
648;5.932528;0.000116808
649;5.925266;0.000118777
650;5.921764;0.000119739
651;6.020504;9.53885E-05
652;6.057529;8.75933E-05
653;5.962699;0.000108969
654;5.958957;0.000109911
655;5.92568;0.000118664
656;5.94014;0.000114778
657;6.016371;9.63006E-05
658;6.067586;8.55882E-05
659;6.057875;8.75236E-05
660;6.030011;9.33231E-05
661;5.947845;0.00011276
662;5.918951;0.000120517
663;6.048806;8.93705E-05
664;6.088386;8.15857E-05
665;6.058411;8.74156E-05
666;6.083123;8.25804E-05
667;6.012776;9.71011E-05
668;5.955976;0.000110668
669;5.975384;0.000105832
670;5.979431;0.00010485
671;5.959897;0.000109674
672;5.991801;0.000101906
673;6.13223;7.37514E-05
674;6.200155;6.30732E-05
675;6.083679;8.24747E-05
676;6.008937;9.79632E-05
677;5.976026;0.000105675
678;6.01349;9.69416E-05
679;6.040369;9.11236E-05
680;5.980121;0.000104684
681;6.005062;9.88412E-05
682;6.045261;9.01029E-05
683;5.996721;0.000100758
684;6.018057;9.59275E-05
685;6.100016;7.94299E-05
686;6.03174;9.29523E-05
687;6.018508;9.58279E-05
688;6.100288;7.93802E-05
689;6.055131;8.80783E-05
690;5.992933;0.000101641
691;6.050381;8.90469E-05
692;5.976842;0.000105477
693;6.018806;9.57622E-05
694;6.036964;9.18409E-05
695;5.961717;0.000109215
696;5.985384;0.000103423
697;6.050989;8.89224E-05
698;6.032674;9.27526E-05
699;6.051298;8.88591E-05
700;6.070599;8.49965E-05
701;6.05602;8.78982E-05
702;6.015254;9.65486E-05
703;6.015422;9.65113E-05
704;6.006996;9.8402E-05
705;6.038054;9.16107E-05
706;6.007081;9.83828E-05
707;6.061403;8.68154E-05
708;6.003002;9.93111E-05
709;5.998901;0.000100253
710;6.066551;8.57924E-05
711;6.04759;8.9621E-05
712;6.007669;9.82496E-05
713;5.971147;0.000106869
714;6.0343;9.2406E-05
715;6.062328;8.66307E-05
716;6.048284;8.94779E-05
717;6.021272;9.522E-05
718;5.926885;0.000118335
719;6.034513;9.23607E-05
720;6.052941;8.85236E-05
721;6.057913;8.75159E-05
722;6.017328;9.60886E-05
723;5.996171;0.000100886
724;5.996401;0.000100832
725;6.004727;9.89175E-05
726;6.013516;9.69358E-05
727;5.927966;0.000118041
728;6.005004;9.88544E-05
729;5.938858;0.000115118
730;5.931864;0.000116987
731;5.969053;0.000107386
732;5.932064;0.000116933
733;5.884966;0.000130327
734;5.898214;0.000126411
735;5.918666;0.000120596
736;5.911721;0.00012254
737;5.898534;0.000126318
738;5.9437;0.000113841
739;5.951223;0.000111886
740;5.943756;0.000113827
741;5.908783;0.000123372
742;5.958743;0.000109966
743;5.951667;0.000111772
744;5.944387;0.000113661
745;5.9866;0.000103134
746;5.923104;0.00011937
747;5.923079;0.000119377
748;5.955823;0.000110707
749;5.982847;0.000104029
750;6.033766;9.25197E-05
751;6.076094;8.39278E-05
752;5.931014;0.000117216
753;5.983625;0.000103842
754;5.952977;0.000111435
755;5.999975;0.000100006
756;6.008677;9.80219E-05
757;6.000183;9.99579E-05
758;5.921282;0.000119872
759;5.980135;0.00010468
760;5.92834;0.00011794
761;5.972669;0.000106495
762;5.891664;0.000128332
763;5.9251;0.000118823
764;5.876128;0.000133006
765;6.040263;9.11459E-05
766;6.087913;8.16746E-05
767;6.005805;9.86722E-05
768;6.001633;9.96247E-05
769;6.059171;8.72628E-05
770;6.148107;7.11038E-05
771;5.981644;0.000104317
772;5.982035;0.000104223
773;6.050507;8.90211E-05
774;6.078957;8.33764E-05
775;5.970627;0.000106997
776;5.9064;0.000124051
777;5.95205;0.000111673
778;6.050769;8.89674E-05
779;6.050645;8.89928E-05
780;6.03741;9.17466E-05
781;5.979228;0.000104899
782;6.065406;8.60189E-05
783;5.995131;0.000101127
784;5.978891;0.000104981
785;5.938694;0.000115161
786;6.003739;9.91428E-05
787;6.056331;8.78353E-05
788;6.012378;9.71901E-05
789;6.004084;9.9064E-05
790;6.091001;8.10959E-05
791;5.984199;0.000103705
792;5.901597;0.00012543
793;5.93556;0.000115995
794;5.879392;0.00013201
795;5.89914;0.000126142
796;5.962041;0.000109134
797;6.013294;9.69853E-05
798;5.977051;0.000105426
799;6.009092;9.79283E-05
800;5.895997;0.000127058
801;5.906045;0.000124152
802;5.989274;0.000102501
803;5.993081;0.000101606
804;6.062889;8.65189E-05
805;6.152018;7.04664E-05
806;6.001874;9.95694E-05
807;5.970408;0.000107051
808;5.966171;0.000108101
809;5.940183;0.000114767
810;5.959144;0.000109864
811;6.050073;8.91101E-05
812;5.994264;0.00010133
813;6.068632;8.53823E-05
814;5.894506;0.000127495
815;5.994432;0.00010129
816;6.083401;8.25276E-05
817;6.088184;8.16236E-05
818;6.088154;8.16293E-05
819;5.88793;0.00012944
820;5.917664;0.000120875
821;5.927204;0.000118249
822;5.930429;0.000117374
823;6.082875;8.26276E-05
824;5.856769;0.000139069
825;5.916062;0.000121322
826;5.947854;0.000112758
827;5.895942;0.000127074
828;6.026459;9.40895E-05
829;5.827789;0.000148666
830;5.795938;0.000159979
831;6.106939;7.81738E-05
832;5.889011;0.000129119
833;5.928701;0.000117842
834;5.928077;0.000118011
835;5.870071;0.000134874
836;5.906744;0.000123953
837;5.866065;0.000136124
838;5.7189;0.000191029
839;5.896049;0.000127043
840;5.908944;0.000123326
841;5.961667;0.000109228
842;5.829224;0.000148175
843;5.80965;0.000155007
844;5.918702;0.000120586
845;5.857769857;0.000138749
846;5.851143857;0.000140882
847;5.845940429;0.00014258
848;5.848045286;0.000141891
849;5.860087429;0.000138011
850;5.853692429;0.000140058
851;5.837766286;0.000145289
852;5.794729571;0.000160424
853;5.847300286;0.000142135
854;5.843793571;0.000143287
855;5.804897;0.000156712
856;5.832045571;0.000147216
857;5.846383286;0.000142435
858;5.776245571;0.0001674
859;5.830472286;0.00014775
860;5.777078167;0.000167079
861;5.832430833;0.000147085
862;5.866685;0.00013593
863;5.8397382;0.000144631
864;5.8278785;0.000148635
865;6.02019875;9.54556E-05
866;6.026931667;9.39871E-05
867;6.0024335;9.94412E-05
868;5.976313;0.000105606
869;5.84046125;0.000144391
870;5.787281667;0.000163199
871;5.84046125;0.000144391
872;5.787281667;0.000163199
873;5.7570595;0.000174961
874;5.699766333;0.000199634
875;5.77482475;0.000167948
876;5.888797667;0.000129182
877;5.7705965;0.000169591
878;5.594647;0.000254304
879;5.6757176;0.000211
880;5.67804875;0.00020987
881;5.757774;0.000174673
882;5.6972175;0.000200809
883;5.686097;0.000206017
884;5.6599604;0.000218796
885;5.8518084;0.000140667
886;5.8147605;0.000153193
887;5.7732174;0.000168571
888;5.697353;0.000200746
889;5.7198948;0.000190592
890;5.6501394;0.0002238
891;5.7930774;0.000161036
892;5.6409022;0.000228611
893;5.700751833;0.000199181
894;5.661442833;0.000218051
895;5.709808143;0.000195071
896;5.624155143;0.000237599
897;5.799569857;0.000158646
898;5.713431;0.00019345
899;5.785635857;0.000163819
900;5.674511429;0.000211587
901;5.715263;0.000192636
902;5.617511714;0.000241262
903;5.696400143;0.000201187
904;5.549354714;0.000282257
905;5.635493571;0.000231476
906;5.566630429;0.00027125
907;5.677754857;0.000210012
908;5.681305333;0.000208303
909;5.7953485;0.000160196
910;5.818745833;0.000151794
911;5.903508667;0.00012488
912;5.897863833;0.000126513
913;5.978204167;0.000105147
914;5.940678333;0.000114636
915;5.949152857;0.000112421
916;5.940678333;0.000114636
917;5.956829333;0.000110451
918;5.915149667;0.000121577
919;5.9207945;0.000120007
920;5.820539667;0.000151168
921;5.8580655;0.000138655
922;5.8054405;0.000156516
923;5.8054405;0.000156516
924;5.731936833;0.00018538
925;5.7736165;0.000168416
926;5.7546785;0.000175923
927;5.854933333;0.000139658
928;5.799656167;0.000158615
929;5.852281167;0.000140514
930;5.850271143;0.000141166
931;5.881308571;0.000131429
932;5.775534;0.000167674
933;5.795134857;0.000160275
934;5.757935571;0.000174608
935;5.805316;0.000156561
936;5.744613;0.000180047
937;5.767725714;0.000170716
938;5.713170286;0.000193566
939;5.818944857;0.000151724
940;5.741177571;0.000181477
941;5.746278286;0.000179358
942;5.758209143;0.000174498
943;5.818912143;0.000151736
944;5.738669286;0.000182529
945;5.760524571;0.00017357
946;5.723552286;0.000188994
947;5.755830571;0.000175456
948;5.706167143;0.000196713
949;5.694236286;0.000202192
950;5.665350143;0.000216098
951;5.707638571;0.000196048
952;5.711791429;0.000194182
953;5.791486714;0.000161627
954;5.800931857;0.00015815
955;5.945119429;0.00011347
956;5.835309429;0.000146114
957;5.879497714;0.000131978
958;5.919705429;0.000120308
959;5.951313286;0.000111863
960;5.810782857;0.000154603
961;5.809959;0.000154896
962;5.677652714;0.000210062
963;5.787462714;0.000163131
964;5.704042286;0.000197678
965;5.696496571;0.000201142
966;5.636445286;0.00023097
967;5.653425857;0.000222113
968;5.592060857;0.000255823
969;5.625336;0.000236954
970;5.633462429;0.000232561
971;5.701841;0.000198682
972;5.637135571;0.000230603
973;5.642243143;0.000227907
974;5.627222429;0.000235927
975;5.659645143;0.000218955
976;5.625996429;0.000236594
977;5.61787;0.000241063
978;5.600951857;0.000250639
979;5.603694143;0.000249061
980;5.613361714;0.000243578
981;5.683638429;0.000207187
982;5.691759714;0.000203348
983;5.807933571;0.00015562
984;5.789890571;0.000162222
985;5.806548429;0.000156117
986;5.851157286;0.000140878
987;5.854357286;0.000139844
988;5.849008;0.000141577
989;5.903328429;0.000124931
990;5.923070857;0.000119379
991;5.892359429;0.000128127
992;5.817374857;0.000152274
993;5.815867;0.000152803
994;5.840100571;0.000144511
995;5.794487714;0.000160514
996;5.716023571;0.000192299
997;5.583634857;0.000260835
998;5.595616429;0.000253737
999;5.638752;0.000229746
1000;5.578050286;0.00026421
1001;5.578417714;0.000263987
1002;5.605156;0.000248224
1003;5.674172571;0.000211752
1004;5.685303143;0.000206394
1005;5.648905;0.000224437
1006;5.647982571;0.000224914
1007;5.669391;0.000214096
1008;5.691585714;0.00020343
1009;5.692180571;0.000203151
1010;5.637907;0.000230193
1011;5.655285;0.000221164
1012;5.688774857;0.000204751
1013;5.721546286;0.000189869
1014;5.791618;0.000161578
1015;5.723042857;0.000189216
1016;5.712528714;0.000193852
1017;5.776249857;0.000167398
1018;5.814468;0.000153296
1019;5.792002857;0.000161435
1020;5.704215286;0.000197599
1021;5.654069429;0.000221784
1022;5.720289429;0.000190419
1023;5.727824286;0.000187144
1024;5.810042143;0.000154867
1025;5.763405286;0.000172423
1026;5.775952143;0.000167513
1027;5.817407429;0.000152262
1028;5.820234429;0.000151274
1029;5.784337286;0.00016431
1030;5.827775714;0.00014867
1031;5.725089714;0.000188326
1032;5.734113571;0.000184453
1033;5.736009143;0.00018365
1034;5.790644714;0.00016194
1035;5.773196286;0.000168579
1036;5.831174;0.000147512
1037;5.753472143;0.000176412
1038;5.702732571;0.000198275
1039;5.680671;0.000208607
1040;5.690253714;0.000204055
1041;5.624667429;0.000237319
1042;5.682810857;0.000207582
1043;5.659371714;0.000219093
1044;5.705253143;0.000197127
1045;5.692530571;0.000202988
1046;5.678124571;0.000209834
1047;5.674651429;0.000211519
1048;5.731934429;0.000185381
1049;5.761814286;0.000173056
1050;5.779660143;0.000166089
1051;5.756099429;0.000175348
1052;5.857825714;0.000138731
1053;5.887054429;0.000129702
1054;5.922675429;0.000119488
1055;5.870154857;0.000134848
1056;5.791383286;0.000161665
1057;5.785802143;0.000163756
1058;5.820411286;0.000151213
1059;5.733393714;0.000184759
1060;5.802940429;0.00015742
1061;5.748351429;0.000178504
1062;5.735703;0.000183779
1063;5.723087571;0.000189196
1064;5.738722143;0.000182506
1065;5.709890571;0.000195034
1066;5.779112143;0.000166298
1067;5.710386571;0.000194811
1068;5.732692;0.000185058
1069;5.725028714;0.000188352
1070;5.753629;0.000176348
1071;5.668121571;0.000214723
1072;5.710801857;0.000194625
1073;5.666895286;0.00021533
1074;5.710926;0.000194569
1075;5.672138143;0.000212746
1076;5.704721714;0.000197369
1077;5.647854143;0.000224981
1078;5.685195714;0.000206445
1079;5.631265286;0.000233741
1080;5.735627571;0.000183811
1081;5.712293571;0.000193957
1082;5.773927;0.000168296
1083;5.741766143;0.000181232
1084;5.766313571;0.000171272
1085;5.733433571;0.000184742
1086;5.782399714;0.000165044
1087;5.645446;0.000226232
1088;5.668961286;0.000214308
1089;5.641793286;0.000228143
1090;5.714202857;0.000193107
1091;5.693037714;0.000202751
1092;5.788930143;0.000162581
1093;5.744190143;0.000180223
1094;5.786500286;0.000163493
1095;5.689782571;0.000204276
1096;5.732361857;0.000185199
1097;5.661508;0.000218018
1098;5.747900143;0.00017869
1099;5.644648857;0.000226648
1100;5.710017143;0.000194977
1101;5.644272286;0.000226844
1102;5.720630714;0.00019027
1103;5.646609;0.000225627
1104;5.722394429;0.000189498
1105;5.641006143;0.000228557
1106;5.808726857;0.000155336
1107;5.717444571;0.000191671
1108;5.817377286;0.000152273
1109;5.797764571;0.000159307
1110;5.851769286;0.000140679
1111;5.747437571;0.00017888
1112;5.778685143;0.000166462
1113;5.594184571;0.000254575
1114;5.711689;0.000194228
1115;5.643721143;0.000227132
1116;5.683511857;0.000207247
1117;5.626888429;0.000236108
1118;5.726288571;0.000187807
1119;5.688466857;0.000204896
1120;5.817302714;0.000152299
1121;5.701067143;0.000199037
1122;5.769035;0.000170202
1123;5.688770286;0.000204753
1124;5.733622143;0.000184662
1125;5.670464;0.000213568
1126;5.730005571;0.000186206
1127;5.632034857;0.000233327
1128;5.725725286;0.000188051
1129;5.638408286;0.000229928
1130;5.718673;0.000191129
1131;5.653906571;0.000221867
1132;5.698781714;0.000200087
1133;5.613035143;0.000243761
1134;5.661989571;0.000217776
1135;5.577904429;0.000264299
1136;5.665221429;0.000216162
1137;5.567451857;0.000270737
1138;5.642488571;0.000227778
1139;5.556399;0.000277716
1140;5.617302;0.000241378
1141;5.533560571;0.000292711
1142;5.613968714;0.000243238
1143;5.508860429;0.000309841
1144;5.60663;0.000247383
1145;5.571983429;0.000267927
1146;5.606622286;0.000247387
1147;5.560588143;0.00027505
1148;5.680122857;0.000208871
1149;5.592643714;0.00025548
1150;5.659231143;0.000219164
1151;5.554918571;0.000278664
1152;5.611083429;0.000244859
1153;5.575140857;0.000265986
1154;5.633008;0.000232805
1155;5.504232;0.000313161
1156;5.591711143;0.000256029
1157;5.513954143;0.000306229
1158;5.576371143;0.000265234
1159;5.502606;0.000314336
1160;5.608282286;0.000246444
1161;5.643844857;0.000227068
1162;5.744338857;0.000180161
1163;5.660547286;0.000218501
1164;5.751243286;0.00017732
1165;5.704494857;0.000197472
1166;5.77826;0.000166625
1167;5.692788429;0.000202867
1168;5.698657286;0.000200144
1169;5.603470857;0.000249189
1170;5.749047429;0.000178218
1171;5.695003429;0.000201835
1172;5.734138429;0.000184443
1173;5.622023286;0.000238768
1174;5.707494857;0.000196112
1175;5.600429286;0.00025094
1176;5.704033;0.000197682
1177;5.52952;0.000295447
1178;5.609145857;0.000245954
1179;5.555303;0.000278418
1180;5.667418143;0.000215071
1181;5.566436571;0.000271371
1182;5.625191714;0.000237033
1183;5.556016714;0.000277961
1184;5.682106143;0.000207919
1185;5.682106143;0.000207919
1186;5.785458;0.000163886
1187;5.785458;0.000163886
1188;5.886439571;0.000129885
1189;5.821084286;0.000150979
1190;5.914333143;0.000121805
1191;5.828914714;0.000148281
1192;5.787811286;0.000163
1193;5.724647143;0.000188518
1194;5.746243143;0.000179373
1195;5.617680714;0.000241168
1196;5.685639857;0.000206234
1197;5.714661143;0.000192903
1198;5.617680714;0.000241168
1199;5.685639857;0.000206234
1200;5.714661143;0.000192903
